account,name
21317,D
21143,DD
21938,FF1
A9307,D
0,D
23172,DD_IWEB
21463,D
49297,D
23510,FF1_uscb
A9016,D
23675,D
23684,D
23752,D
23738,ZZ
23323,D
23416,DD
24133,DD
10203,D
22157,D
24368,DD
21416,D
24511,DD
24808,D
24823,D
24824,D
25013,D
24801,D
24795,D
25187,D
A9036,D
24825,D
25314,E
25505,II
25566,FF1_USCB SAC SIP
25843,FF1
25879,EE
25510,II
26115,DD
25901,C_ICAN
26390,FF
A9027,D
59872,T
A9037,D
A9067,D
26671,EE
19628,D
26895,D
26813,YY
26633,HH
25346,FF
27122,FF1
27337,D
18245,D
27118,D
11992,D
A9072,D
11881,D
22882,D
A9024,D
55512,D
22291,D
11172,D
6218,D
28013,D
28063,D
27995,D
25857,D
28232,DD
28341,D
27798,DD
27507,DD
11115,D
26575,DD
28663,DD
28690,DD
28525,II_ooma
28212,FF_ABNS
28802,II_Vonage
28686,DD
27670,DD
29084,DD
A9019,D
28113,DD
29053,II
29037,II
29201,YY
29430,OO_Radialpoint
29131,DD
29232,DD
29261,QQ
26014,ZZ1
29697,YY1
29651,GryphoneNW
29940,E
29304,DD
29980,FF1
29758,DD
30064,D
30033,DD
29954,DD
30128,PremierEntNWFla
29904,DD
30278,ZZ
29798,DD
30435,D
30436,D
30450,D
30446,D
30448,D
30449,D
29219,DD
30157,LL
A9015,D
39172,D
30405,II
31033,D
31038,D
31040,D
30927,FF1
27119,D
31212,D
31240,D
31039,D
31267,FF1
31228,EE
31487,D
31488,D
31489,D
31484,DD
31490,D
31066,D
31330,DD
A9308,D
37912,D
31491,D
31492,D
31638,DD
31493,D
31494,D
29820,FF1
31607,FF1
31921,D
31333,EE
32081,A
32054,D
32052,D
32049,D
32051,D
10211,D
10213,D
10214,D
32163,D
32048,D
32050,D
31148,DD
31724,Bosley Manual
32358,D
31787,EE
A9025,D
32355,GG - Do not use - requires SVP approval
32317,DD
30765,II
32235,MM_with_lower_IB
10215,D
10216,D
10217,D
32432,GG_tmone_test
32601,GG_TMone ATT Midwest
32503,FF1
32778,GG_tmone_test
32515,FF1
32489,HH
32206,FF1
31949,DD
32741,DD
27169,FF1
31316,HH_Cinemark
33074,GG_custom_all-0.012
31262,FF1
32295,II
31589,DD
31255,LL
31916,DD
33172,DD
29812,DD
33465,D
33462,D
33466,D
33464,D
33463,D
32830,DD
33506,D
33306,II
33375,EE
31796,II
32722,II
33163,FF
32794,DD
33211,DD
33301,II
33161,HH
33007,F_PremierB_sip2
33684,HH
33870,II_Concept_Rocket
33967,D
33970,D
52460,D
52462,D
52458,D
33814,FF1
56563,D
32459,YY
33925,HH
33959,DD
34171,GG_tmone_test
33997,ZZ
32699,FF
33704,HH
33476,ZZ
33919,EE
33140,DD
34343,GG - Do not use - requires SVP approval
34342,GG - Do not use - requires SVP approval
34069,DD
32291,LL
30822,II
34530,D
34572,DD
34585,DD
34626,D
34631,DD
34669,A
33976,II_HV_AD
34483,OO
32542,HH
34390,II
34808,II_HV_AD
34364,HH
34818,GG_tmone_test
34815,GG_tmone_test
34995,D
34514,II
34817,GG_tmone_test
34624,FF1
34894,FF
35050,D
32624,FF1
35166,HH
31885,DD
34798,FF_Clickspark
35243,II
35171,FF1
35173,II
34399,FF1
35489,H
34377,C_ASHWORTH
35533,YY
35601,DD
24885,II
35659,II
35707,A
35330,HH
34537,DD
35810,DD
35901,C_ICAN
26213,DD
34706,II_HV_AD
36048,DD
36056,FF1
35696,II
36128,DD
36104,II
35863,FF1
94590,D
35685,II
36203,DD
36236,FF1
36287,DD
35509,YY_gerovicap
35124,HH
36293,GG_TMone ATT SE
36349,FF_Oricon
36383,GG - Do not use - requires SVP approval
33356,II
36280,GG_tmone_test
A9309,D
36115,II
11173,D
34999,HH
36372,II
36491,DD
36282,II
23161,FF1
36581,II
36238,HH
35345,II
36566,DD
36610,GG - Do not use - requires SVP approval
36568,DD
36650,II
36673,II
36665,II
36682,QQ
36510,DD
36173,II
36630,YY
36411,YY1
36484,FF1
36575,DD
35121,C_Debt Free America
36704,YY
36786,HH
36700,FF1
36893,DD
36903,DD
36881,C_ICAN_Junk a Car
36737,FF
36985,II
37007,C_Debt Free America_1
36355,II
36463,II
31865,HH_HV_AD
37096,FF
36953,LL
37066,FF1_Oasis Marketing
37202,II
36822,II
37311,GG - Do not use - requires SVP approval
37359,GG_tmone_test
37399,A
37360,GG - Do not use - requires SVP approval
37358,GG_tmone_test
36796,II
37436,C_Debt Free America
37440,C_Debt Free America
37441,II
37398,DD
37424,C_Debt Free America
37437,C_Debt Free America
37446,DD
37403,ZZ1
33029,ZZ
37540,FF
37641,DD
37625,GG_tmone_test
37564,QQ
37501,HH
52461,DD
52463,D
52459,D
37648,FF
37669,DD
37561,II
37527,ZZ
37705,D
37677,II
37773,ZZ
36140,DD
37817,ZZ
37782,FF
35603,II
36434,II
37165,YY
37971,DD
31967,II
37993,DD
37958,DD
38038,II
38057,FF1
38046,GG_tmone_test
38068,FF1
38336,II
37166,II
37830,II
38450,GG_tmone_test
34496,ZZ
218,DD
38572,II
37712,HH
38565,ZZ2
36416,FF
38580,ZZ
38732,II
38589,DD
38748,ZZ
36776,FF1
37890,DD
38939,FF
33578,GG_custom_all-0.012
39011,ZZ
38880,ZZ
39054,II
39059,C_ICAN
10022,F_PremierB_sip
38675,FF1
37955,FF
24988,FF
39081,FF1
38832,II
39189,D
38430,II
39202,DD
39005,ZZ
38172,ZZ
38683,FF
39167,ZZ
38681,LL
37120,ZZ
36512,II
38593,II
39340,II
37516,DD
39388,DD
39421,DD
39300,II
39459,DD
39482,DD
39486,D
39141,ZZ
39535,D
39225,II
39187,DD
39350,FF
39275,II
35823,FF1
39380,ZZ
28374,ZZ
38640,II
30000,D
30001,D
39497,FF
39684,ZZ
39748,YY1
39685,ZZ
39849,II
12345,D
33930,FF1
3,D
202,D
39832,II_Concept_Rocket
39845,FF1
37794,ZZ
39003,D
39095,ZZ
39960,FF_HV_AD
39930,II
39959,DD
39833,II
39979,DD
39978,DD
40047,II
39004,D
39969,DD
39994,DD
40051,F
38578,CustomerLink
19274,D
3766,D
3769,D
3770,D
40122,ZZ
40156,DD
3768,D
39102,II
39819,ZZ
39865,ZZ
40233,DD
40261,QQ
31754,ZZ
37725,II
40241,FF
39101,YY
39731,FF
39882,D
39696,FF
39423,II
40522,DD
40407,ZZ
40028,ZZ
40546,FF
39594,ZZ
40246,YY
40567,D
40613,II
40677,D
40705,DD
40482,II
40695,DD
40696,DD
40697,DD
39840,ZZ2
33662,ZZ
40742,D
40262,DD
40771,ZZ
40208,FF
40857,DD
40821,FF
40221,FF
40755,ZZ
40548,FF
40471,ZZ
40910,ZZ
40965,FF
39009,QQ
41032,II
41078,FF_Dun Bradstreet
11221,F
41139,FF
40993,ZZ
40918,HH
41070,C_ICAN
40937,ZZ
41174,II
41205,DD
41206,DD
41161,ZZ
40582,ZZ
40746,ZZ
41178,QQ
40586,FF1
40998,FF
18293,ZZ
40809,ZZ
41310,C_ICAN
41240,ZZ
41202,II
40519,II
40815,ZZ
19264,ZZ
39997,II
41371,FF
41408,DD
41409,DD
22637,FF_tod
39211,II
40999,OO
21822,FF
41582,DD
41585,II
40309,LL
41260,II
39749,ZZ
41617,II
41692,II
41698,ZZ
33718,II
41222,II
40403,C_ICAN
40837,II
41059,C_Debt Free America
41614,DD
41813,ZZ
40887,ZZ
19826,ZZ
40807,FF
41471,ZZ1
41673,LL_OTMX
37543,ZZ
41639,II
41734,II
41902,II
41575,ZZ
40711,ZZ
41883,DD
41885,DD
41886,DD
40243,II
41904,II
41906,II
40523,II
41270,FF
42122,ZZ1
41573,FF
42200,II
42433,DD
42468,FF
42047,FF_Education Dynamics
41010,II
41856,FF
42550,DD
42551,DD
42182,II
42618,ZZ
42620,DD
42475,II
41368,II
A9256,ZZ
42561,FF
42732,DD
41896,II
42729,FF
42841,DD
42161,II
42581,ZZ
42166,II
42170,II
42862,ZZ
A9063,T
34889,FF1
42761,II
42614,ZZ
42171,II
41763,ZZ
42432,FF1
42167,II
41066,II
34803,ZZ1
A9039,ZZ
43187,DD
40754,ZZ
42169,II
42164,II
43218,II
43227,ZZ
39338,ZZ1_Overage $0.0125
42168,II
42836,C_ICAN
42630,ZZ
43346,FF1
42317,ZZ
43251,FF
42480,ZZ
43422,D
43405,DD
43425,D
40414,ZZ
42673,II
43442,FF
43545,FF
43869,ZZ
44191,DD
45001,T
44187,FF
44305,DD
44418,DD
44485,FF
44514,F
39851,FF
43465,II
43400,ZZ
A9310,T
43122,YY
43236,ZZ
40187,ZZ
40908,FF
36695,FF
43542,FF
42192,FF
43432,D
34013,II
43720,D
43724,D
41775,YY
43624,ZZ
43758,FF_gcs
43741,YY1
43804,II
42554,ZZ
41281,OO
43805,D
18246,D
43848,ZZ
43550,II
43824,C_ICAN
43900,II
43203,ZZ
43956,FF
43999,FF_Federated Pmt Systems
42165,II
43889,ZZ
44032,FF1
44051,FF1
44047,C_RAE_Santa_Rosa
43828,ZZ
44210,DD
44226,ZZ
44288,DD
44086,FF
43507,ZZ
44197,D
44058,ZZ1
44234,II
44382,ZZ
44092,Open English
44091,FF1
44447,II
44462,II
44483,FF
44499,FF
44459,FF
43457,YY
44522,DD
44517,II
44502,II
44504,II
44548,II
44425,I
44532,F
41678,DD
44688,II
44675,DD
44757,FF
240,D
43945,ZZ
44576,DD
44344,ZZ
A9311,D
23006,FF
10023,T
44677,DD
38944,ZZ
44206,ZZ
A9258,D
44726,C_AccWorld
44217,ZZ
A9035,ZZ
44840,DD
A9076,DD
44650,II_ILD Corporation
A9312,D
44959,II
44429,ZZ
41923,KK
44972,DD
44607,DD
44700,FF
44705,FF
44892,FF_Sacramento 211 California
45066,FF
43771,FF
44699,FF_Ventura 211 California
44868,YY
42328,YY
45132,II
45135,II
44229,ZZ
39874,QQ_Matrix Medical
45093,YY
44710,LL
45062,II
44516,ZZ
45193,FF
45104,FF
45251,FF
45420,HH
45175,FF
45190,FF
42565,II
44960,II
44641,YY
45096,QQ_Avanquest
45186,FF
23559,FF
45247,DD
39253,ZZ
43392,ZZ
45192,ZZ
45347,ZZ
45355,DD
45272,ZZ
45195,ZZ
45246,ZZ
45346,ZZ
42179,DD
45088,ZZ1
45464,HH
45400,ZZ
45485,II
45103,FF
34666,DD
45488,II
45573,ZZ
45644,II
45523,ZZ
45299,DD
45668,ZZ
45179,FF
45764,KK_invenio
44874,ZZ
44293,ZZ
45637,ZZ2
26143,MM
45845,DD
45875,FF
45877,FF
45882,FF
45886,FF
45879,FF
45884,FF
45889,FF
45890,FF
45888,FF
45844,ZZ
45880,ZZ
A9029,T
45164,ZZ
45383,LL
45946,II
45951,ZZ
45601,ZZ
44434,ZZ
45626,ZZ
45445,LL
45945,C_ICAN
46106,II
44392,DD
46136,DD
46107,FF
46199,DD
46216,FF
45702,ZZ
45422,FF
45865,FF
46215,FF
43421,ZZ
45443,ZZ
45727,ZZ
45651,YY
46331,ZZ
31110,ZZ1
46366,ZZ
46351,DD
39590,FF
46479,ZZ
45911,FF
46537,DD
46033,OO
34210,FF
45699,ZZ
45587,FF_SHS Group
46536,DD
46813,DD
47085,DD
47281,DD
47385,DD
47420,DD
47976,DD
48343,FF_HV_AD
48498,DD
46560,DD
46112,LL
41243,DD
45226,ZZ
46385,ZZ
39347,Transcend Media
46229,ZZ
45920,ZZ
46710,DD
46621,ZZ
37730,ZZ
46774,AWW
46736,FF
46731,II
45667,II
46801,II
46464,ZZ
35161,ZZ
46835,II
46591,ZZ
46398,II
46867,ZZ
45720,ZZ
46667,ZZ
46961,ZZ
47042,DD
47046,DD
47044,DD
47048,DD
47050,DD
46996,FF
46133,ZZ
47028,DD_Jason2
47063,ZZ
46564,ZZ
47024,ZZ
46981,II
46984,D
1,FF-TeleCentrics
44599,ZZ
46972,YY
43979,ZZ
47250,II
46735,C_ICAN
47031,YY
47296,II
47297,II
21347,ZZ
46404,FF
47319,II
47322,II
47350,DD
47078,ZZ
47283,ZZ
46529,II
47214,ZZ
47492,DD
44723,ZZ
47539,II
2,DD
47371,FF1
46844,II
47449,YY
46779,ZZ
41944,FF
41016,FF
47357,ZZ
47614,QQ
47194,KK
47640,AWW
47681,ZZ1
46105,FF
47528,ZZ
47617,YY
47732,ZZ
47853,DD
47885,FF_Citrix Sys Prod Sales
47986,II
47990,II
46892,ZZ_Paul Moss
48123,FF
47391,ZZ
48126,FF
48211,II
48229,II
48246,HH
46520,FF
47336,GG_custom_all-0.012
48295,ZZ
47988,FF
45608,II
48383,II
48388,II
42541,ZZ
44646,F
48311,AWW
48502,DD
48567,FF
48736,ZZ
48810,EE
49071,II
49507,FF
49571,ZZ
48515,ZZ
46468,GG - Do not use - requires SVP approval
48315,II
48156,ZZ
47277,II
48408,FF
47203,C_ICAN
48591,DD
48589,DD
48635,FF
47950,YY
48543,ZZ
48318,ZZ
48660,D
43563,FF
48672,FF
46850,ZZ
48689,II
48711,DD
48661,D
48647,DD
48714,DD
48709,DD
A9066,FF
48640,ZZ
48796,II
48783,ZZ
48725,E
41179,YY
48790,II_RevGuard
47567,ZZ
48713,DD
48788,ZZ
48698,DD
48539,ZZ
48873,ZZ
49078,FF_A Marketing Resource
49062,II
46028,YY_senergy2
49059,C_ICAN
A9313,D
48435,YY1
48145,ZZ
48163,ZZ
A9314,D
49509,II
49485,II
48910,QQ
49510,II
49480,YY
49488,ZZ
49436,QQ
8999,FF_Tiger
49550,FF
43835,ZZ
48466,II
49577,ZZ
48699,YY
49526,YY
A9065,DD
49760,C_ICAN
44800,YY
48900,YY
49719,D
49905,ZZ
49913,FF
49958,F
49998,ZZ
50054,FF
50523,ZZ
50550,ZZ
48441,FF
A9040,DD
49791,DD
49792,DD
49798,II
49800,II
49860,II
49835,FF1_Vialinx3
49438,YY
49846,GG_custom_all-0.012
49847,GG_custom_all-0.012
49901,YY
48749,ZZ
49929,FF_pennymac_bandwith
49439,ZZ
40121,ZZ
48857,ZZ
45623,ZZ2
43582,DD
42763,C_ICAN
49815,ZZ
50087,DD
50036,YY
47889,YY
46263,ZZ
49414,YY
49720,YY
50065,YY
50153,QQ
50032,YY
49801,YY
50219,YY
48550,FF
41416,FF
50294,YY
50146,ZZ
50185,YY
50161,YY
50338,YY
50018,YY
123,DD
50078,FF
50120,YY
49926,ZZ
49474,YY
44822,FF
50555,II_HV_AD
49884,YY
50211,DD
47406,FF
50554,II_HV_AD
50662,ZZ
50647,ZZ
50814,FF
50889,FF
50961,D
51183,FF
50580,FF
50576,YY
46684,II
50689,FF
50648,II
50664,FF1
47103,C_ICAN - Sokolove
50695,II
50734,AWW
48240,FF_Stellar Restaurant Sol
50765,II
46739,GG - Do not use - requires SVP approval
50788,FF
50225,FF
50762,ZZ
50806,DD
50213,II
50481,YY
9090,DD
50746,YY
43995,FF
A9031,DD
9091,DD
50944,II
50901,DD
50242,ZZ
49886,FF
51102,ZZ
49424,YY
51110,FF
51176,FF
51337,ZZ
51338,FF
51339,DD
51363,FF
51436,ZZ
51568,FF
51608,FF
51635,FF
49856,YY
50654,C_ICAN_Menacola Mktg
50574,ZZ1
51166,FF
47810,YY
51303,YY
51179,DD
90999,DD
51182,DD
A9060,T
51329,II
43629,ZZ
46807,ZZ
A9032,DD
42809,YY
51466,DD
51522,DD_Five9 Test
A9073,DD
51548,YY1
51523,ZZ
51439,QQ
51310,YY
51467,DD
51046,YY
51570,FF
51631,C_ICAN
51464,ZZ
51621,ZZ2
51674,II
51683,DD
49990,GG_American Support
51440,ZZ
51689,ZZ
51709,II
51719,FF
51765,FF
51886,ZZ
52019,FF
52103,ZZ
52143,II
52136,ZZ
52137,ZZ
51718,II
51354,YY2
51379,YY
51769,YY
51721,GG - Do not use - requires SVP approval
44784,YY
51700,YY
51771,YY
51901,II
51744,FF
51746,FF_Tiger
51926,FF
51743,YY
51892,DD
51928,DD
51919,DD
51918,DD
51920,DD
51929,DD
51904,YY
39964,C_ICAN
48164,YY
50738,YY
48624,YY
50335,YY
51789,YY
52004,FF
52014,FF
45792,GG - Do not use - requires SVP approval
35395,C_ICAN
52022,II
52037,YY
52040,HH
52088,II
51989,YY
51921,YY
52057,YY
51969,ZZ
48828,C_ICAN_gateway_sip
50339,YY
51992,YY
52148,YY
55536,T-Andy
52126,DD
52118,DD
52131,DD
52128,DD
52122,DD
52133,DD
52151,FF
52149,FF
52226,FF
52298,FF
52326,FF
52405,ZZ
52437,H
51997,II
52129,DD
52124,DD
52135,DD
51590,ZZ2
48501,YY
52085,YY
52105,QQ
51786,YY
A9061,CC
52261,DD
52260,DD
52262,DD
52240,YY
52310,GG_custom_all-0.012
50786,YY
52219,YY
52427,DD
52318,ZZ
52404,YY
52113,YY
51701,YY
52255,FF
52521,FF
46375,YY
50182,C_ICAN
51165,YY
50707,YY
52449,YY
52581,FF
52604,DD
52614,DD
52615,DD
52619,DD
52611,DD
52620,DD
52616,DD
52612,DD
52621,DD
50921,LL_McKesson
43952,YY
52630,II
52660,DD
52292,YY
52247,YY
41088,YY
52845,FF
52848,FF
52552,FF
52662,YY
51724,ZZ
52691,YY
52138,FF
52305,FF
52613,DD
52618,DD
52622,DD
52067,YY
47519,YY
46888,II
52865,DD
52470,GG_BroadPath Healthcare
47284,YY
48530,YY
52588,YY
52577,YY
52246,SS_NA Power
53118,DD
A9042,F
53628,FF
54013,ZZ
54208,FF
54258,FF
53123,YY2
44444,F
51733,YY
53228,II
53219,II
53322,Open English SBC
50052,ZZ
A9068,D
A9069,RC-D_DryRun010
53399,DD
53394,DD
53398,DD
53397,DD
53400,DD
53396,DD
53229,YY
53408,DD
53423,DD
53424,DD
53425,DD
53451,C_ICAN
52280,YY
52748,FF
52594,II
52924,YY
53440,DD
47256,YY1
53568,DD_five9proserv39
52556,YY1
53516,QQ
53648,YY
53627,ZZ
53742,DD
53517,YY
37281,YY
53741,YY
53483,YY
53805,II
49844,GG_custom_all-0.012
53606,YY
51498,YY2
52553,ZZ
52795,YY
45829,DD
52172,YY
51984,ZZ
32745,II
54074,YY
54112,GG - Do not use - requires SVP approval
53990,YY
54137,DD
54135,DD
54048,YY
54146,DD
54142,DD
54116,YY
53985,YY
52583,YY
54147,DD
54152,DD
54157,DD
54148,DD
54150,DD
54153,DD
54155,DD
54158,DD
54160,DD
53701,YY
40139,YY
54188,YY
53975,YY1
54247,DD
54248,DD
54253,ZZ
54323,DD
55192,F
55597,ZZ
50985,II
54274,YY
52984,YY
54316,DD
54315,DD
54314,DD
54320,FF
54444,DD
54199,ZZ
54442,YY
54465,FF1
54527,FF
54156,DD
54151,DD
54161,DD
54510,DD
54504,DD
54507,DD
54591,DD
54285,YY
54544,YY
54144,QQ
37700,YY1
54548,DD
54553,DD
54551,DD
54511,C_ICAN
54306,SS_OCMD Mktg
53964,YY
54525,YY
52084,YY
52794,ZZ
54928,II
54904,DD
54885,DD
54894,DD
54463,YY
53978,C_ICAN
54906,DD
54887,DD
54896,DD
54910,DD
54891,DD
54900,DD
54902,DD
54911,DD
54892,DD
54903,DD
54893,DD
54913,DD
55018,DD
55017,DD
52600,YY
54554,ZZ
55016,DD
55111,II
55107,RC-II_SalesFive9_41
55102,ZZ
55063,ZZ2
55068,ZZ
55089,YY
55112,II
54784,LL_BMI
55221,DD
54888,DD
54907,DD
54897,DD
54908,DD
54889,DD
54898,DD
54909,DD
54890,DD
54899,DD
55523,DD_Five9 Test
55170,YY
54280,YY
54244,YY
55605,DD
49767,II_kit_hb
55468,YY
54494,YY
51115,YY
55897,FF
55898,FF
54021,ZZ
55942,II
54971,YY
54334,ZZ
50346,C_Citadel
55154,DD
55157,DD
55160,DD
56125,DD
56127,DD
56126,DD
56128,DD
56129,DD
56130,DD
51952,YY
55616,FF
55943,FF1
56124,FF
56259,ZZ
56928,FF
57284,FF
57936,FF
58039,GG_American Support
58088,DD
58348,FF
56134,ZZ
55983,II_OptionsHouse
55587,DD
55598,DD
55580,DD
54533,YY
55156,DD
55159,DD
55164,DD
55534,DD
55535,DD
A9017,DD
55574,DD
55583,DD
55591,DD
49061,YY
54310,YY
54803,ZZ1
54052,ZZ
54814,II
51637,YY
54991,YY
56198,DD
56197,DD
56196,DD
56201,DD
56200,DD
56204,DD
47981,ZZ
56245,YY
55628,DD
55634,DD
55621,QQ
55622,DD
56249,YY
55635,DD
55629,DD
45825,ZZ
56400,DD
51335,YY
56405,C_ICAN
54576,YY
55507,C_ICAN
53752,YY
56397,GG - Do not use - requires SVP approval
56768,ZZ
56953,FF
56027,YY
55624,DD
55631,DD
55637,DD
55626,DD
55632,DD
55639,DD
55905,DD
55900,DD
55912,DD
57236,DD
57237,DD
57234,DD
55982,YY
53109,YY
56261,YY
54805,YY
57316,FF_USBank
55901,DD
55913,DD
55907,DD
55235,YY
56754,YY
57347,II
56940,YY
56216,YY
54834,YY
53081,YY
56929,ZZ
51741,YY
57533,YY
55081,YY
57268,YY
23287,GG_afni
56347,ZZ
57839,YY
57841,II
47556,YY
57497,YY
52796,YY
57923,DD
57909,DD
57911,DD
51323,YY
57924,D
52415,YY1
57490,DD_accworld_vii
57945,II
55190,QQ_Unisono
55586,YY
56362,II_Concept_Rocket
58063,DD
58035,YY
56402,YY
34617,FF
54924,YY
58280,II
58229,II
54977,ZZ
46593,YY
55330,YY
55093,II
58326,FF
58362,YY
58386,C_Citadel
58305,YY
58385,II
57943,YY
58408,YY
58438,II
58443,II
58699,DD
58674,FF
58646,FF
58836,FF
59055,II
59054,FF
59079,ZZ
58454,YY
57926,YY
55903,DD
55915,DD
55909,DD
57465,DD
57453,DD
57459,DD
58407,FF
56025,DD
56012,DD
56017,DD
56026,DD
56013,DD
56018,DD
56029,DD
56015,DD
56020,DD
57466,DD
57454,DD
57461,DD
58666,FF
58678,YY
43683,FF
58676,FF1_National Protection
58703,DD
57206,YY
55614,YY
58672,II
58773,II
58102,YY
58771,DD
57343,YY1
58806,ZZ
58808,DD
58661,DD
58657,DD
58658,DD
58665,DD
58663,DD
58664,DD
56407,FF_organo
56363,ZZ
58686,II
55015,FF
58641,YY
57557,YY
56016,DD
58877,FF
56031,DD
56021,DD
57467,DD
57462,DD
57455,DD
54919,ZZ
56144,DD
56118,DD
56139,DD
57468,DD
57456,DD
57463,DD
57251,FF
58682,FF
58955,DD
58838,ZZ
57335,FF
58895,FF
58375,YY
58913,YY
59024,MedCare Diabetic 3
A9003,DD
58996,YY
A9004,DD
A9034,FF
47642,YY
59045,ZZ
52763,FF_itok
58774,YY
58811,YY
59136,II
39745,ZZ
58301,ZZ
58307,QQ_Ovation Wireless
56145,DD
56119,DD
56140,DD
56152,DD
56148,DD
56150,DD
59176,DD
59174,DD
59175,DD
58910,YY
46124,ZZ
56956,FF
58941,YY
59198,GG_custom_all-0.012
59203,ZZ
59343,II
59353,FF
59439,FF
59151,YY
59183,OO_AVG Consumer
54975,YY
58739,YY
59141,YY
56339,YY
41701,FF
59297,FF
59305,FF
59283,FF
53613,YY
59345,FF
59099,YY
59327,DD
53571,FF-all 1.34
59397,DD
57572,YY
59017,YY
58022,YY
59382,YY
22865,QQ_char
59444,II
59471,DD
59373,C_ICAN
59201,DD
59120,YY
59360,ZZ
A9021,DD
A9022,DD
A9023,DD
58898,YY
58750,FF
59624,YY
59216,FF
59720,FF-all 1.34
59569,YY1_Sperian
57836,YY
59794,YY
59821,DD
59823,FF
59952,II
59788,ZZ
59949,II
59954,FF_EnglishTown Mexico
59875,C_ICAN
59991,YY
60023,FF
60022,FF
59124,FF
59523,YY
56153,DD
56149,DD
56151,DD
59938,DD
59935,DD
59937,DD
40073,FF
59961,C_ICAN
59962,C_ICAN
60044,II
59946,YY
59845,ZZ
59540,YY
59484,QQ1
53494,YY
60203,YY
47803,II_care
47216,ZZ
60281,YY
59013,YY
60298,DD
60296,DD
60334,FF
60353,FF
60420,YY
60484,FF
60518,C_ICAN
60554,ZZ
60345,DD
60347,DD
59800,YY
59575,YY
60389,II
50976,Greenwood & Hall
59829,F
60034,FF
60391,QQ1
56271,YY
55603,DD
55600,DD
55594,DD
60253,DD
60225,DD
60241,DD
60254,DD
60227,DD
60242,DD
60255,DD
60230,DD
60243,DD
60256,DD
60231,DD
60244,DD
60257,DD
60232,DD
60245,DD
60274,DD
60233,DD
60246,DD
60276,DD
60234,DD
60247,DD
60039,ZZ
59560,YY
60278,DD
60250,DD
60235,DD
60279,DD
60237,DD
60251,DD
A9008,DD
60494,YY1
59520,ZZ
59377,YY1_Overage $0.0125
60522,II
60346,YY
58304,YY
60568,DD
59314,YY
58343,DD
A9006,DD
60161,YY
A9007,DD
60562,YY
59398,YY
57917,FF-all 1.34
59771,YY1
55495,LL_Freedom Pop
60540,DD
60538,DD
60542,DD
60539,DD
60537,DD
60541,DD
55493,YY
52573,ZZ
58335,FF
43333,Innovative Vision SIP
60787,DD
46305,QQ1
57851,YY
59555,YY
52100,YY
60036,DD
61273,YY
60159,YY
61816,YY
61889,YY
61915,II
61945,ZZ
62055,II
62242,YY
62337,YY
62796,DD
63426,ZZ
60293,LL
61849,FF1
61853,FF1
59407,YY1
59230,YY
59627,YY
61820,YY
60000,YY
60399,YY
60359,YY
60767,YY
61902,ZZ
61905,YY
61788,ZZ
61803,YY
60473,YY
61932,II
61925,QQ
61930,II
61949,YY
58353,YY
61053,DD
59068,YY
62018,LL
59287,II
55991,ZZ
62007,GG_BroadPath Healthcare
59130,YY
62039,FF1_Instinct Tech
61903,YY
60206,YY
62186,FF1
60596,LL
38786,YY
62098,ZZ
61841,YY
60622,LL
62257,FF1
62271,FF1
62266,FF1
35648,YY
60164,YY
62323,LL
61966,FF1
56250,LL
57946,YY
62340,GG_BroadPath Healthcare
58975,ZZ
62556,LL
61958,ZZ
47011,ZZ
62294,ZZ
62547,II
62542,II
62546,II
62301,ZZ
60785,YY
62407,ZZ
48833,ZZ
62341,QQ1
62243,ZZ
62569,ZZ
62548,II
62602,LL
47807,ZZ
62603,QQ
59521,QQ
61042,ZZ
62614,ZZ
62773,ZZ
60503,FF
62801,FF1
59714,LL
61826,YY
62853,LL
62854,DD
62848,DD
62850,DD
62851,LL
62846,II
62856,DD
62855,DD
62864,FF1
62865,FF1
62867,FF1
62869,FF1
62866,FF1
62868,FF1
62871,FF1
62877,FF1
62872,FF1
62873,FF1
62874,FF1
62876,FF1
62875,FF1
62863,FF1
62878,FF1
55488,ZZ
56419,YY
55324,LL
62844,OO
62823,ZZ
62207,FF1
56773,LL_safco
45123,QQ1
62274,LL_Travel Shopping Network
62586,C_ICAN
62802,FF1
62964,YY
62820,ZZ
55005,ZZ
63145,LL
62959,ZZ
63436,QQ
63554,OO
62298,QQ
63147,ZZ
62977,YY
63148,FF1
63000,DD
63005,DD
62986,DD
62993,DD
63011,DD
63017,DD
63002,DD
63007,DD
63667,YY
63668,FF1
63732,LL
63751,QQ
64644,QQ
65078,ZZ
65075,FF
63001,DD
62988,DD
63012,DD
63018,DD
62995,DD
63006,DD
62976,DD
62972,DD
62974,DD
63670,ZZ
63682,Bosley Manual
63707,GG_American Support
63726,GG_tmone_test
63003,DD
63009,DD
62990,DD
62996,DD
62991,DD
62997,DD
63013,DD
63019,DD
63014,DD
63020,DD
63004,DD
63010,DD
62992,DD
62998,DD
63015,DD
63021,DD
62194,YY
41094,YY
63701,FF1
58358,ZZ
63752,FF1
63755,FF1
63753,FF1
63754,FF1
63756,FF1
63757,FF1
63022,FF1
63782,C_Debt Free America_str
63724,LL
64199,FF1
63784,C_ICAN
62237,ZZ
64283,QQ_SR Solutions 2
63848,II
62813,ZZ
64272,QQ
64282,TCPA_loopback
63749,FF1
63747,QQ1
62654,LL
63841,ZZ
64540,II
63771,LL
64559,FF1
64555,FF1
64556,FF1
64554,FF1
64638,FF1
64553,YY
A9075,DD
48007,DD
48008,DD
64565,FF1
64322,FF1
64270,FF1
64271,FF1
64348,QQ
48012,DD
48013,DD
48014,DD
64349,FF1
61391,ZZ
64641,ZZ
64557,D
64720,QQ
64654,ZZ
64677,ZZ
64704,OO
64564,LL_multiphone
64727,ZZ
64779,FF1
48015,DD
48016,DD
48017,DD
48018,DD
48019,DD
48020,DD
48021,DD
48022,DD
48023,DD
64742,FF1
64647,FF1
64357,ZZ
64830,ZZ
64759,YY1
46743,QQ
62760,ZZ
64847,FF
64344,YY
58714,QQ
64839,ZZ
62216,YY
64849,QQ
64736,ZZ
60170,QQ
62197,LL
64850,FF1
64851,FF1
64882,FF1
62763,ZZ
64816,C_ICAN
64885,YY
61868,FF1
62178,YY
64907,ZZ
60932,YY
64935,FF1
64936,FF1
58462,YY
65028,FF
64865,QQ
59278,ZZ
44350,QQ
65033,ZZ
65052,FF1
65014,FF1
64842,YY
64701,FF1
65041,FF1
65001,FF1
65034,FF1
65096,FF1
58387,ZZ
65063,ZZ
64804,YY
63778,LL_MobileHelp2013
65119,FF1
64358,YY
65145,FF1
65140,YY
65201,ZZ
65163,ZZ
65171,FF1
65167,FF1
64696,ZZ
64993,YY
51976,YY
64483,FF1
65245,FF1
64352,QQ
65265,FF1
59473,QQ
65243,QQ
65099,YY
65297,QQ
65299,QQ
65288,ZZ
65322,LL_Gator Tax
65335,FF1
65337,FF1
56357,YY
65361,FF1
65359,FF1
65380,FF1
65378,FF1
64821,ZZ
65415,QQ
65429,FF1
64927,SafetyComm
65456,ZZ
65420,ZZ
65261,ZZ
65149,C_ICAN
65444,FF1
65526,FF1
65445,FF1
65534,YY
64366,ZZ
48024,DD
48025,DD
48026,DD
48027,DD
48028,DD
48029,DD
65544,FF1
48030,DD
48031,DD
48032,DD
48033,DD
48034,DD
48035,DD
65543,QQ
11119,DD
48037,DD
48038,DD
48039,DD
48040,DD
48041,DD
48042,DD
48043,DD
48044,DD
48045,DD
48046,DD
48047,DD
65459,YY
64918,QQ
65603,QQ
64669,YY
65652,YY
65403,ZZ
65136,ZZ
50918,ZZ
64977,ZZ
65609,YY
65602,LL_Gator Tax
63555,QQ
64978,YY
62918,ZZ
65159,Life Station
65250,ZZ
60384,ZZ
65470,QQ1_Berlitz Colombia
65665,ZZ
64925,ZZ
64817,ZZ
65392,YY
65691,LL
65143,LL_McKesson
65660,QQ
65342,YY
60781,ZZ
31522,Olympus NDT
65766,QQ
65806,QQ
65062,ZZ
64630,QQ_Smart Tuition 2
65844,II
65820,LL_Gator Tax
65269,ZZ
66218,FF
66252,YY
66263,QQ1
66449,II
59395,ZZ
64321,LL
65547,ZZ
65487,QQ
57491,YY
65617,ZZ
66055,ZZ1
65294,QQ
65839,ZZ
66149,QQ
65915,ZZ
66193,YY
36468,YY
66140,QQ
66212,ZZ
66255,QQ
66289,QQ
66286,QQ
66287,QQ
66290,QQ
66291,QQ
56384,QQ
66292,QQ
66288,QQ
65336,QQ
65822,ZZ
66198,ZZ
66336,QQ
64643,QQ
66334,QQ
66349,ZZ
64705,ZZ
66373,FF1
66431,QQ
65259,ZZ
66400,YY
66439,ZZ
65681,ZZ
66444,QQ
53971,ZZ
56004,YY_Seneca
66229,ZZ
66468,QQ
66513,FF_pennymac_bandwith
62776,QQ
66589,ZZ
65905,YY1
66536,ZZ
66592,QQ
56945,YY
66652,QQ
66651,QQ
66152,ZZ
51607,YY
66527,ZZ
66692,QQ
A9071,DD
66670,YY
66714,YY
66569,FF
66860,ZZ
66979,FF
66653,QQ
66610,YY
66738,QQ
30453,QQ
66686,YY
66716,ZZ
66834,QQ
61974,ZZ
65627,YY
66625,YY
66876,QQ
66771,ZZ
66482,ZZ
66931,ZZ
55550,B Green
66932,ZZ
66844,ZZ
66949,QQ
66703,QQ
60202,YY
66936,ZZ
60188,QQ
66875,ZZ
67053,YY1
66848,YY
67085,II
65495,ZZ
65494,KK_OnDeck
67106,QQ
67129,QQ
62293,YY
67089,Life Station
67174,FF-all 1.34
67278,ZZ
67375,YY
67408,QQ
67194,OO
67296,Greenwood & Hall
67185,QQ
66062,ZZ
66782,ZZ
67325,QQ
67317,QQ
66154,ZZ
67267,QQ
66833,QQ
59704,LL
67410,QQ
67412,QQ
66889,II_HV_AD
67427,ZZ
67431,QQ
67166,YY
67430,QQ
66554,ZZ
67330,II
65991,QQ_Hudsonpoint Capital
A9059,ZZ
66530,ZZ
67544,QQ_fastpc
67477,QQ
67579,QQ
67119,QQ_LendingTree Inc
67586,ZZ
67407,Education at Work
65612,ZZ
40630,QQ
67643,QQ
67026,QQ
49484,YY1
67563,YY
67697,QQ
67701,QQ
67702,QQ
67484,ZZ
67672,ZZ
67482,ZZ
66162,FF
67760,QQ
67770,ZZ
67776,ZZ
67766,ZZ
65829,QQ
67791,II
67800,QQ
68003,YY
68031,QQ
68243,YY
68244,YY
68238,YY
67644,QQ
65212,YY
67014,YY
67732,ZZ
67792,KK_OnDeck
65387,QQ_Sunrun
67817,ZZ
63684,ZZ
67825,ZZ
67858,QQ
67857,QQ
66987,ZZ
67820,ZZ
67480,QQ_Brickhouse Security
67922,ZZ
67924,ZZ
67919,QQ
65578,QQ
67921,QQ
67920,QQ
67413,YY
67937,ZZ
68001,QQ
63206,ZZ
65788,QQ
67999,QQ
65713,ZZ
67876,ZZ
68018,ZZ
68019,ZZ
68020,ZZ
68022,ZZ
68054,QQ
68050,ZZ1
67851,FF1
66156,OO
67333,QQ
68177,QQ
68176,QQ
67750,ZZ
68208,QQ
59362,YY1_Overage $0.0125
68211,FF
67998,YY
57856,ZZ
67729,ZZ
58820,YY
67183,ZZ
68267,FF-all 1.34
68297,FF
67118,QQ_Delta Career Ed
68239,FF
65630,QQ_WhyNotLeaseIt
68309,QQ
68308,QQ
68332,QQ
67583,ZZ
68316,FF
68455,QQ
68066,C_ASHWORTH
68241,II
68763,LL
68290,YY1
68937,QQ
67931,ZZ
68396,QQ
68394,QQ
65955,QQ_DS Services
68369,QQ
66668,ZZ
68223,ZZ
68359,YY
68449,LL
68438,QQ
68147,ZZ
67687,ZZ
68442,ZZ
68504,ZZ
67815,LL
67546,QQ_Centura Health
68464,ZZ
68278,ZZ1
68479,ZZ
68038,FF1
68392,YY
68548,QQ
68632,QQ
68631,QQ
68702,ZZ
68658,QQ
68200,ZZ
68503,ZZ
68320,ZZ
68787,QQ
68786,QQ
68701,ZZ
68704,ZZ
68703,ZZ
51173,YY
68728,QQ
66337,YY
68182,ZZ
68738,ZZ
66549,ZZ1
68782,YY
66220,ZZ
66822,QQ
68820,QQ
64334,ZZ
67950,ZZ
50577,QQ_Abercrombie
68758,LL
68748,FF1
68773,QQ
68749,FF1
68735,ZZ
53591,YY
68042,ZZ
67866,QQ
68990,FF1
69012,ZZ1
68979,YY
69226,YY
69194,QQ_Abercrombie
69258,QQ_Centura Health
69859,ZZ
69906,LL
70036,QQ
70225,ZZ
68991,FF1
68992,FF1
68993,FF1
68472,ZZ
69061,DD
69073,YY
69084,ZZ
65735,ZZ
69096,FF
69095,QQ
69113,ZZ
69120,QQ
69121,QQ
69122,QQ
68824,ZZ1_Alpha Connect
56938,YY
65382,QQ_Dynamic Contact
69165,ZZ
69192,QQ_Gilsbar
69157,QQ
59805,QQ
69202,QQ
60330,YY
69014,YY
69215,ZZ
69210,LL
68420,YY
69243,ZZ
69282,QQ
68939,ZZ
69280,QQ
69279,QQ
69296,ZZ
69233,ZZ
68468,YY
69262,QQ_ypg_canada
67539,QQ_APFM
69330,QQ
48080,DD
48081,DD
48082,DD
48083,DD
48084,DD
48085,DD
48086,DD
48087,DD
48088,DD
48089,DD
48090,DD
48091,DD
48092,DD
48093,DD
48094,DD
48095,DD
48096,DD
48097,DD
68708,ZZ
69395,YY
69320,LL
69158,QQ_Face2Face
64826,YY
68521,ZZ
59247,YY
69393,ZZ
68520,YY_Trident
68382,ZZ
69449,QQ
69458,ZZ
69089,ZZ
69385,ZZ
69313,C_ICAN
68720,ZZ
69834,QQ
69456,QQ
69823,QQ
69845,FF
69833,QQ
59817,ZZ
69877,QQ
69879,QQ
69875,QQ
69874,QQ
69978,QQ
67279,ZZ
69900,ZZ
23470,QQ1
68203,QQ
69967,QQ_Sunrun
69956,QQ
69384,ZZ1
69995,QQ
68524,QQ
69999,QQ
69998,QQ
70028,QQ
70027,QQ
70038,QQ
70075,QQ
70070,QQ
62772,QQ
65071,QQ
68506,ZZ
65798,ZZ
69062,QQ
53579,ZZ
70048,II
70047,II
70025,YY
69218,YY
69883,ZZ
66195,YY
66024,QQ_pcg
70093,LL_Woodbury Health
40632,QQ_Roberts Marketing Group
70174,QQ
70175,QQ
70199,QQ
70245,QQ
67391,ZZ
68766,QQ
70201,ZZ
55644,ZZ
46746,ZZ
70282,OO
64855,YY
70292,QQ
70290,QQ
69133,ZZ
68849,QQ
70322,QQ
70355,QQ
70361,QQ
70424,QQ
70338,QQ
54555,YY
70269,ZZ1
65956,ZZ
69925,LL_wimactel
70329,II
70328,II
70366,LL
70456,YY
70746,II
71565,ZZ
71589,ZZ
70082,QQ
70367,YY
70401,FF
69943,ZZ
70320,YY
68916,YY
43420,YY
68046,ZZ
70287,ZZ
69356,ZZ
70339,YY
70431,QQ
66933,YY
70277,ZZ
70449,ZZ
70458,QQ
70448,YY1
55976,ZZ
70211,YY
70488,QQ
36622,QQ
68202,ZZ
36563,QQ
70669,ZZ
68514,ZZ1
70429,QQ_inout
70685,QQ
70324,ZZ
70672,QQ
70698,ZZ
70719,GG_Afni Sirius XM
68005,QQ_Multienlace SAS
67380,YY
70723,YY
70732,FF
69974,YY
70753,QQ
70769,QQ
70772,QQ
70770,QQ
70755,QQ
70795,FF
70792,ZZ
70728,QQ
70822,QQ
70084,YY
70820,QQ
70747,ZZ
70145,YY-RC_ActivePestControl
70849,QQ
68539,QQ
70477,YY
70780,LL
70460,ZZ
65113,QQ
70387,QQ
70707,ZZ
70858,QQ
70729,ZZ
48075,DD
70752,ZZ
70829,ZZ1
48076,DD
48077,DD
70895,QQ
70898,QQ
70393,QQ_KingStar Venture
70886,QQ
70517,QQ_Crestwood Management
70703,ZZ
51145,ZZ
70857,YY
71097,QQ
71022,LL_McKesson
70911,LL_McKesson
70909,DD
71398,YY
70870,ZZ
70950,LL_McKesson
71112,QQ
70927,YY
71020,ZZ
71433,ZZ
71434,ZZ2
71409,QQ
71431,ZZ
71437,QQ
71450,QQ
71462,QQ
71483,QQ
67397,ZZ
65473,YY1
70936,ZZ
71438,YY
71504,II
71500,QQ
70238,ZZ
71536,QQ
67936,ZZ
70425,QQ
71055,YY
71515,YY1
71527,ZZ
71569,QQ
70376,YY
70375,YY
64973,YY
71592,ZZ
45854,ZZ1
71609,QQ
66660,ZZ
71748,QQ_Delta Career Ed
51530,LL
71799,QQ
70859,YY
71623,ZZ
47457,QQ
70550,QQ
71990,ZZ
70484,ZZ
71458,ZZ
67619,ZZ
71899,QQ
71897,QQ
49740,YY-RC_Provida
71896,QQ
71898,QQ
68732,YY
69348,SS_First Choice Prom
71833,QQ
71815,QQ
71773,YY
71792,YY
71420,ZZ
57271,ZZ
71548,ZZ
49758,YY
70360,ZZ
71954,QQ
71955,QQ
72129,II
71497,ZZ
71968,ZZ
71978,ZZ
72009,QQ
71976,ZZ
72152,FF
70265,QQ
71985,YY
72160,QQ
25433,QQ
71860,ZZ
70409,ZZ
71573,ZZ
71887,YY
63556,QQ
72248,ZZ
32133,YY
72199,ZZ
72127,II
72235,FF
72246,QQ
64900,ZZ
72256,FF
72312,ZZ
72874,YY
72895,QQ
72894,YY
72888,QQ
72919,YY
73031,ZZ
72148,ZZ
71964,YY
71616,ZZ
71895,YY
72319,QQ
72384,QQ
72310,YY
68289,ZZ1
60667,ZZ
72000,QQ
72339,FF
72406,QQ
67449,ZZ
54532,QQ_Stanley BD
72396,QQ
71819,ZZ1
72330,C_ICAN
72317,ZZ
67057,YY
71987,YY
69997,ZZ
70871,QQ
70823,YY
72299,ZZ
70734,ZZ
72721,QQ
72722,QQ
68985,ZZ
71995,YY
70556,ZZ
71743,YY
72677,QQ_inout
72698,QQ_inout
64954,QQ
72724,KK_OnDeck
66598,MM_Data Exchange
72696,ZZ
70872,ZZ
72676,ZZ
68048,ZZ
72685,LL_McKesson
A9081,DD
A9082,DD
A9083,DD
28711,QQ
65338,YY
72195,YY
72735,QQ
71442,YY
72945,QQ
72944,QQ
70192,QQ
72968,QQ
71099,QQ
72966,LL
72973,QQ
71856,ZZ
72228,YY
72959,ZZ
72982,FF
71962,ZZ
66774,QQ
52982,ZZ
72526,ZZ
37737,YY
72918,FF_pennymac_bandwith
72147,ZZ
73069,QQ
73051,YY
73125,LL
73158,YY
73858,QQ
74138,LL
74282,YY
73094,QQ
72935,ZZ
72345,YY
34789,ZZ
60223,QQ
73140,QQ
A9084,DD
A9085,DD
A9086,DD
A9087,DD
A9088,DD
A9089,DD
49950,YY
72878,LL_McKesson
23210,ZZ
73028,ZZ
73171,ZZ
73221,QQ
73366,QQ
73174,KK_OnDeck
73133,LL
73452,FF
37621,QQ
73209,YY
73461,ZZ
60291,YY
73455,C_ICAN
67785,ZZ
73707,QQ
73487,ZZ
73132,ZZ
73486,ZZ
73026,ZZ
73445,YY
70226,ZZ
73153,ZZ
73367,ZZ
43320,ZZ
64887,QQ
64968,YY
73894,QQ
71979,ZZ
40573,YY
73938,QQ
73940,QQ
73943,QQ
73903,GG_BroadPath Healthcare
69160,YY
73370,ZZ
70019,ZZ
73927,ZZ
73921,QQ_Dynamic Contact
72678,YY
73968,ZZ
73998,QQ
73928,ZZ
73095,YY
73944,QQ
73989,ZZ
74143,QQ
74156,QQ
56360,QQ_RC_PartsNow
74190,QQ
72969,ZZ
74191,ZZ
73912,ZZ
74125,SS
73137,QQ
74238,QQ
74225,ZZ
74281,YY
73873,ZZ
74163,YY
73503,ZZ
74291,ZZ
71876,ZZ
73859,YY
73869,II
74309,ZZ
74129,FF
74310,ZZ
74311,ZZ
74307,ZZ
74308,ZZ
73732,ZZ
68307,ZZ
74337,QQ
74331,QQ
74297,YY
74145,YY
74430,ZZ
68795,ZZ
74435,QQ
74269,C_ICAN
74502,II
74424,ZZ
74254,C_ICAN
73459,YY
71595,YY
73499,YY
74652,QQ
74646,QQ
73951,ZZ
73078,YY
57244,QQ
74692,QQ
74356,FF
74253,YY
74650,ZZ
74827,QQ
74666,FF
76307,QQ
73492,QQ
74260,YY
71959,YY
76316,QQ
74257,ZZ
74427,ZZ
73107,QQ_EF Educational Tours
76373,YY
76375,QQ
73027,ZZ
76370,FF
76399,QQ
76347,YY
71963,YY
76364,LL
76448,YY
76463,QQ
76697,YY
80639,ZZ
81069,LL_American Addiction
81367,II
76369,ZZ
74438,ZZ
51580,ZZ
76417,QQ
76393,ZZ
76450,ZZ
76474,LL
76413,GG_BroadPath Healthcare
74682,PNG_QQ_Gold Mountain
76429,ZZ
76621,ZZ
70255,QQ
74695,ZZ
76285,ZZ
76722,QQ
76400,ZZ
76618,YY
63860,C_ICAN
57242,YY
74228,YY
76746,QQ
76745,QQ
76288,QQ_Apio Telecom
72146,ZZ
76765,QQ
76764,ZZ
76786,ZZ
76698,YY
71992,ZZ
76849,QQ
73920,ZZ
76846,QQ
76819,YY
76870,ZZ
71578,YY
76773,QQ
76805,QQ
69389,YY
76868,ZZ
76869,ZZ
76867,ZZ
76842,YY
A9200,DD
A9201,DD
A9202,DD
A9203,DD
A9204,DD
A9205,DD
A9206,DD
A9207,DD
A9208,DD
A9209,DD
A9210,DD
A9211,DD
A9212,DD
80557,FF1
A9213,DD
A9214,DD
A9215,DD
A9216,DD
A9217,DD
71763,QQ
74443,ZZ
73729,ZZ
64716,ZZ
73433,YY
80587,QQ
76730,QQ
76541,YY
80636,QQ
41201,YY-RC_Social Solutions
80561,ZZ
80618,ZZ
A9218,DD
68458,OO
69153,ZZ
55950,LL_American Addiction
80708,FF
74261,ZZ
A9219,DD
A9220,DD
A9221,DD
A9222,DD
A9223,DD
80669,QQ
66861,ZZ
80588,YY
80566,QQ
80603,ZZ
80719,QQ
71857,YY
68832,ZZ
74127,YY
80695,YY
80665,ZZ
80575,QQ
76772,YY
80722,ZZ
80723,ZZ
80735,QQ
81074,ZZ
81086,QQ
81185,QQ
81177,YY1_Big Dog Overage $0.0125
81198,QQ
70776,LL_Seibels
70382,GG_NxStage Medical
69195,GG_Carecloud
81211,QQ
81186,ZZ
81248,QQ
81088,ZZ
81271,ZZ
74323,YY
76851,GG_Afni Sirius XM
80597,QQ
81301,QQ
81072,YY
66613,ZZ
81346,QQ
81172,ZZ
81326,ZZ
76381,QQ
81380,QQ
73731,QQ
81209,ZZ
69394,ZZ
81302,ZZ
81733,QQ
81092,ZZ
81732,QQ
76876,ZZ
80732,YY
81183,ZZ
64085,YY
81754,QQ
81755,ZZ
81387,GG_NxStage Medical
82178,ZZ
83522,YY
84010,YY
72925,YY
74314,ZZ
81227,YY
81372,QQ_APFM
81745,QQ_Star Bus Solutions
81370,YY
66402,ZZ
82125,QQ
82130,ZZ
82124,QQ
76420,ZZ
81973,YY
81761,QQ
82161,QQ
80613,YY
81324,ZZ
81213,ZZ
82195,QQ
82171,ZZ
76374,YY1
81729,ZZ
81075,ZZ
60580,ZZ
81774,YY
82473,ZZ
46741,QQ
81392,ZZ
82447,ZZ
82474,YY
72004,ZZ
55214,QQ
83385,QQ
83400,QQ
81306,ZZ
83493,ZZ
82803,ZZ
81325,YY_RC_DGB
83383,ZZ
83203,YY
82652,YY1
71603,YY
82150,YY
81266,QQ
83382,ZZ
83539,QQ
76545,ZZ
84014,QQ
83498,ZZ
83717,QQ
83991,LL
89673,YY
89740,YY
89780,YY
89840,ZZ
89915,ZZ
89962,YY
90150,FF
82482,ZZ
84694,FF
83208,ZZ
84705,QQ
84708,QQ
84710,QQ
84722,QQ
A9224,DD
A9226,DD
A9227,DD
84704,QQ
A9230,DD
A9228,DD
A9229,DD
A9231,DD
A9232,DD
A9233,DD
A9234,DD
A9236,DD
A9235,DD
A9237,DD
A9238,DD
A9239,DD
A9240,DD
A9241,DD
A9242,DD
76758,YY
82653,ZZ
84721,YY
82644,YY
84011,YY
84758,QQ
73173,ZZ
71881,ZZ
84735,ZZ
81342,ZZ
82197,YY
87677,QQ
81727,ZZ
87678,QQ
81878,ZZ
84015,ZZ
87709,QQ
87698,QQ
74516,QQ
87715,QQ
87683,QQ
87722,QQ
87701,QQ
87717,QQ
87719,QQ
83515,YY
87738,QQ
81082,ZZ
83487,QQ
87720,QQ
87879,QQ
87746,ZZ
83556,ZZ_Beacon Ortho
83376,YY
87708,YY
83489,ZZ
82134,YY
87889,ZZ
88333,QQ
88336,QQ
88587,QQ
59472,ZZ
88583,ZZ
87714,QQ
84754,YY
88747,QQ
73892,ZZ
89547,QQ
84741,YY
83795,ZZ
72701,QQ
87884,FF
87888,FF
88753,YY
89565,ZZ
82449,QQ_CAIMED
83200,YY
84767,ZZ
89578,II
76535,QQ
73460,YY
89638,QQ
89684,QQ
89685,QQ
A9255,DD
A9256,DD
A9257,DD
84736,QQ
81201,QQ
89697,QQ
89708,QQ
89707,QQ
81371,QQ_RC_DealerSocket
89553,ZZ
74426,YY
76715,ZZ
88735,II
88716,QQ
88331,ZZ
73358,YY
89739,QQ
89770,YY
89808,QQ
81079,ZZ
89804,QQ
89757,QQ
88580,YY
89832,YY
89760,QQ
89880,QQ
89748,QQ
76699,YY
83482,ZZ
89857,YY
89831,YY
89903,QQ
89890,FF
89886,FF
89888,FF
82465,YY1
89892,QQ
89896,QQ
89897,QQ
89898,QQ
A9265,DD
A9266,DD
A9267,DD
A9268,DD
A9269,DD
A9270,DD
A9271,DD
A9272,DD
A9273,DD
A9274,DD
A9275,DD
A9276,DD
89822,YY
89835,ZZ
82466,YY
89899,QQ
89576,ZZ
88340,QQ
89730,QQ
59538,ZZ
89949,LL
89954,ZZ
89964,ZZ
89633,YY
89682,LL
89663,ZZ
64761,YY
34341,ZZ
70462,QQ
90055,QQ
76277,YY
90034,QQ
89923,ZZ
90056,QQ
82416,QQ
89742,YY
89930,ZZ
90014,ZZ1
90032,QQ
51610,ZZ
90075,QQ
89662,ZZ
90100,QQ
89711,YY
73121,YY
90111,QQ
89894,YY
80716,YY1
89984,II
73451,QQ_Buckeye
89756,YY
84778,LL
90156,QQ
84783,YY
90161,QQ
67531,QQ
89979,ZZ
91310,QQ
89884,YY
81354,QQ
91324,ZZ
91421,YY
91787,QQ_M3Health
91988,YY
91986,ZZ
92004,LL
92130,YY
92253,ZZ
92342,LL_Seibels
89912,YY
89878,ZZ
90171,YY
89839,ZZ
90168,ZZ
91331,ZZ
81180,QQ
91322,ZZ
90155,YY
90172,YY
89829,QQ
90094,QQ
91359,QQ
91358,QQ
91360,QQ
48819,ZZ
91407,ZZ
91365,YY1
91398,YY
91349,OO_Radialpoint
45519,LL_PCCW
91857,ZZ
91352,LL
82136,YY-RC_PGAA
91386,QQ
90029,ZZ
91415,QQ
91419,QQ
89794,ZZ
70842,YY
82463,ZZ
91402,YY
91452,QQ
88732,ZZ
91466,QQ
91379,QQ
89722,QQ
89986,YY
91471,ZZ
91434,ZZ
91495,QQ
91494,QQ
91401,FF
91385,YY
91545,GG_ACME Brick
75084,QQ
83527,YY
91524,GG_custom_all-0.012
91537,QQ
60768,QQ_Northland
89753,ZZ
73128,QQ
89856,ZZ
91727,YY
91479,LL_Turf Terminators
91750,ZZ
89613,ZZ
72963,ZZ
82132,ZZ
91621,QQ
91546,LL
89938,QQ
83506,YY
91619,QQ
91442,OO
91464,YY
91323,YY
91725,QQ
91355,ZZ
91513,ZZ
89670,QQ
91476,QQ
91520,YY
91741,YY
84782,ZZ
91705,QQ
91782,ZZ
91935,QQ
91952,QQ
91755,QQ_M3Health
76752,ZZ
91748,YY
91766,QQ
91664,YY
91645,YY
91745,ZZ
91589,YY
91788,ZZ
91815,QQ
91556,ZZ
91422,ZZ
91821,YY
91460,YY
91713,QQ
28886,QQ
87741,QQ_CollegeAmerica2
90061,YY
91541,QQ
89928,ZZ
87694,YY
91590,ZZ
81384,ZZ
91897,QQ
89916,ZZ
91874,ZZ
41630,ZZ
89627,YY
91882,ZZ
91957,ZZ
91916,ZZ
91860,QQ
89715,QQ
91805,QQ
91919,ZZ
91937,QQ
30955,ZZ
91950,YY
91943,FF_Education Dynamics
92022,YY
91800,QQ
91785,QQ
92015,QQ
91964,ZZ
91904,QQ_Stanley BD
91610,ZZ
92059,FF
91846,ZZ
80656,YY1
91992,YY
92098,ZZ
90077,ZZ
92065,QQ
92030,YY
92122,QQ
91722,FF
91870,ZZ
56776,ZZ
92116,QQ
89675,YY
91968,ZZ
91695,YY
91927,YY
92180,QQ
92158,QQ
92118,QQ
92178,YY
92163,YY1
74188,YY
92235,YY
68186,QQ
92110,YY1
64834,ZZ
91910,ZZ
92286,QQ
92086,QQ_Tech Support
90102,LL
91481,ZZ
26489,QQ
92288,QQ
92255,ZZ
92314,ZZ
84781,ZZ
92319,ZZ
92236,ZZ
92326,QQ
92327,QQ
92328,QQ
92139,YY
92336,QQ
92143,QQ
80625,LL
92347,QQ
92358,QQ
91783,QQ
92184,YY
92372,YY
92371,LL
92489,SS_Teachheal CA
92394,QQ
81304,ZZ
91596,LL
47733,YY
92045,YY
91680,QQ_Broadvoice
92415,QQ
91412,ZZ
92377,ZZ
81378,QQ_PayU
89956,ZZ
92398,ZZ
82450,QQ
92463,QQ
60268,QQ
32800,YY
82494,SS_Teachheal CA
92353,ZZ
92229,YY
92488,QQ
92491,QQ
88342,ZZ
91424,YY
68088,QQ
92023,ZZ
92296,ZZ
92555,QQ
92516,YY
92596,QQ
92309,YY
92458,ZZ
92480,YY
92317,ZZ
39784,YY
92462,ZZ
92641,QQ
92622,QQ
92613,YY
92661,ZZ
92707,YY
92713,ZZ
92700,ZZ
92752,LL
92758,YY
92801,ZZ
92855,QQ
92650,QQ
92561,YY
91439,ZZ
91510,QQ
66503,YY
91682,YY
92505,YY
92695,QQ
92687,QQ
91861,QQ
91516,QQ
92744,QQ
92603,ZZ
92761,QQ
92423,LL
92507,ZZ
89624,ZZ
92276,QQ
92808,QQ
92812,ZZ
92053,ZZ
92688,ZZ
92330,QQ
91836,ZZ
92359,ZZ
89527,YY
92867,QQ
92756,ZZ
92493,YY
92816,ZZ
81191,YY
92481,YY
92368,ZZ
92792,ZZ
92791,YY
66075,ZZ
92396,YY
92893,QQ
92807,YY
89591,QQ_Synapse
92884,ZZ
92925,QQ
92454,YY
92873,YY
92907,ZZ
93007,QQ
93039,ZZ
93073,QQ
93123,YY
93140,QQ
93225,QQ
93151,ZZ
93224,QQ_Synapse
91333,ZZ
80738,YY1
92571,QQ_Provo Craft
92961,QQ
74341,QQ
92863,QQ_NCC Business
92944,QQ_Stanley BD
92931,QQ_Stanley BD
92932,QQ_Stanley BD
92803,QQ_Stanley BD
92883,ZZ
92933,QQ_Stanley BD
92934,QQ_Stanley BD
92946,QQ_Stanley BD
92935,QQ_Stanley BD
92947,QQ_Stanley BD
92939,QQ_Stanley BD
92948,QQ_Stanley BD
92954,QQ_Stanley BD
92956,QQ_Stanley BD
92957,QQ_Stanley BD
92725,QQ
92781,ZZ
92823,ZZ
92997,QQ
92382,ZZ
92912,YY
92999,QQ
70519,QQ_Rise Broadband
92536,QQ_NRA
91900,LL
93015,QQ
93025,ZZ
92994,QQ
93014,QQ
93013,QQ
92656,ZZ
92927,ZZ
57806,ZZ
92521,YY
89595,QQ_Prosper
93054,FF
90169,YY
93068,ZZ
93099,QQ
70024,ZZ
70015,QQ
92844,YY
92921,ZZ
93120,ZZ
92865,YY
93116,ZZ
76712,YY
93176,QQ
93168,ZZ
92834,YY1
93124,FF1_Instinct Tech
93128,ZZ
92600,ZZ
92735,YY
92698,QQ_Sprayette
93189,YY
93055,YY
92857,ZZ
92477,ZZ
93196,QQ
73446,YY
91325,YY
68437,YY
93227,ZZ
87684,QQ
93226,QQ
61975,YY
93229,QQ
92949,ZZ
92992,QQ
93271,II
70139,QQ_Box Support
92250,QQ_WhyNotLeaseIt
93202,ZZ
93186,ZZ
92900,ZZ
93312,QQ
93291,QQ
93306,QQ
93481,YY
93485,QQ
93587,YY
93600,FF
93993,GG_custom_all-0.012
93992,GG_custom_all-0.012
93991,GG_custom_all-0.012
94068,GG_custom_all-0.012
94115,YY
93030,QQ
93334,YY
90807,QQ_Eli Lilly
93269,II
93320,YY
93262,YY
92910,ZZ
92806,YY
93072,ZZ
52304,YY
93369,ZZ
93266,FF
93375,ZZ
93203,II
92607,ZZ
68155,QQ
93358,LL
84001,QQ_McKesson
93285,YY
72205,YY
A9315,DD
92056,YY
93255,QQ
92061,ZZ
93405,QQ
93158,ZZ
93441,QQ
93350,YY
93449,ZZ
92918,YY
93438,ZZ
92892,ZZ
93456,QQ
93445,ZZ
93472,YY
93465,ZZ
92136,YY
93486,QQ
93474,YY
92966,ZZ
93479,YY
71747,QQ
93455,YY
93502,LL_PCCW
93512,ZZ
93163,ZZ
93365,ZZ
93523,ZZ
81882,YY
93522,QQ_NRG Home Solar
93565,QQ
92173,YY
93564,QQ
93571,QQ
93367,YY
93086,ZZ
93078,ZZ
93584,QQ
93435,ZZ
93544,ZZ
93575,ZZ
93496,ZZ
93309,YY
93628,QQ_Stanley BD
93178,ZZ
81334,YY
93585,ZZ
93532,YY
92906,ZZ
92914,YY
93635,QQ
93556,GG_Afni Sirius XM
93623,ZZ
93675,YY
93043,QQ_Synapse
92995,ZZ
93519,ZZ
93690,ZZ
93706,QQ
93691,QQ
93692,QQ
93697,QQ
93683,QQ
93680,ZZ
93682,ZZ
93670,QQ
93679,QQ
93495,ZZ
92929,QQ
93595,KK_OnDeck
93432,ZZ
71408,ZZ
93715,YY
49686,ZZ
93664,ZZ
93239,ZZ
93620,ZZ
91735,ZZ
67529,ZZ
93569,ZZ
93788,ZZ
93421,ZZ
93802,ZZ
93843,ZZ
93859,ZZ
93749,YY
87728,ZZ
93756,YY
91749,QQ
93828,ZZ
93864,QQ
93261,OO
93705,ZZ
32354,YY
93594,ZZ
66265,QQ
93768,YY
93894,ZZ
92503,ZZ
93801,ZZ
93695,YY
93924,QQ
93916,YY
92895,ZZ
93917,YY
93961,QQ
93966,QQ
93149,ZZ
93965,ZZ
93983,ZZ1
93844,YY
92181,ZZ
93846,ZZ
94002,QQ
94004,QQ
73034,QQ
94030,QQ
93344,YY
93370,QQ
93295,ZZ
78393,QQ
94041,ZZ
93877,ZZ
94028,YY
93888,YY
94013,ZZ
93998,YY
94059,QQ
93709,YY
92519,YY
93318,ZZ
93770,ZZ
93388,QQ_Magic Jack
94077,ZZ
66737,ZZ
94017,ZZ
94112,YY
94050,YY
93751,ZZ
93765,ZZ
93629,QQ_Stanley BD
93959,YY
93574,QQ_Stanley BD
93578,QQ_Stanley BD
94091,QQ
94089,QQ
94117,QQ
93958,FF1
94007,GG_BroadPath Healthcare
93113,ZZ
94093,YY
93688,ZZ
92403,YY
94072,ZZ
94136,ZZ
94155,ZZ
94010,GG_BroadPath Healthcare
94171,QQ
93182,ZZ
93700,YY
94170,ZZ
94190,ZZ
94201,QQ
93338,II
94197,QQ
94184,ZZ
93387,ZZ
94142,QQ
93814,ZZ
93914,YY
94247,QQ
92810,ZZ
94228,YY
A9322,ZZ
A9319,ZZ
A9323,ZZ
94297,QQ
94279,YY
94058,LL_Freedom Pop
94264,QQ
73021,OO
94165,YY
94153,ZZ
94001,ZZ
91327,QQ
94084,LL
94287,QQ
94284,QQ
94286,QQ
94283,QQ
94330,QQ
94324,QQ
94325,QQ
94332,QQ
94333,QQ
94334,QQ
94370,QQ
94338,QQ
94335,QQ
94339,QQ
94336,QQ
94337,QQ
94356,QQ
94354,QQ
94352,QQ
94364,QQ
45739,ZZ
93852,ZZ
94355,QQ
94357,QQ
94369,QQ
94378,QQ
94109,ZZ
94313,YY
28912,YY1
94365,QQ
94353,QQ
94351,QQ
94277,ZZ
81208,YY
81393,ZZ
93746,YY
94425,QQ
94426,QQ
91584,QQ
94427,QQ
94428,QQ
94375,QQ_Synapse
94156,ZZ
93890,ZZ
94446,QQ
94445,QQ
93656,YY
93077,QQ_Braintree
62584,QQ
91878,QQ
93906,YY
93826,YY
93726,ZZ
93960,ZZ
80637,ZZ
94413,ZZ
91828,YY
92082,ZZ
94512,YY
94526,QQ
94390,ZZ
94344,YY
94180,ZZ
94496,YY1
94545,YY1_Big Dog Overage $0.0125
94540,QQ
91569,QQ
94434,ZZ
94566,QQ
68300,QQ
94266,YY
94561,YY
81311,ZZ
92878,ZZ
94350,YY
94497,QQ
94579,ZZ
94492,YY
70194,QQ
94543,YY
94033,YY
94610,ZZ
91886,ZZ
94397,QQ_Eli Lilly
93562,YY
93982,YY
93823,YY1
94544,ZZ
94451,ZZ
94646,QQ
94639,ZZ
94647,ZZ
94441,YY
92407,YY
94674,QQ_NICE
92843,ZZ
94676,ZZ
A9327,DD
A9328,DD
A9329,DD
94640,ZZ
94677,QQ
A9330,DD
A9331,DD
A9332,DD
94485,YY
94513,FF1_Oasis Marketing
91731,YY
94678,QQ
94683,ZZ
93487,ZZ
92020,QQ_Sterling Jewelers
94366,YY
93136,YY
67024,QQ
94712,YY
94726,ZZ
94710,QQ_NICE
94874,QQ
94949,ZZ
94951,ZZ
94975,ZZ
94977,YY
95212,QQ
95498,QQ
94643,ZZ
94154,YY
90118,QQ
94637,ZZ
94724,YY
94534,ZZ
94069,ZZ
82464,YY
80647,ZZ
94655,YY
94257,YY
94636,QQ
94715,ZZ
94703,ZZ
94756,QQ
94326,YY
93895,ZZ
94790,QQ
94774,ZZ
94270,ZZ
94616,ZZ
93470,YY
94734,ZZ
94740,ZZ
94817,QQ
94550,ZZ
94801,FF
94657,YY
94509,ZZ
94813,QQ
94752,YY
93100,ZZ
71889,ZZ
94844,FF
94871,QQ
94748,YY
94666,ZZ
87681,ZZ
94838,YY
94875,QQ
89838,ZZ
94755,YY
94855,YY
94218,ZZ
74182,ZZ
94806,FF1
70439,ZZ
94596,YY
94583,QQ_Eli Lilly
94424,YY
94718,ZZ
93467,ZZ
94988,YY
94214,ZZ
93934,YY
92866,ZZ
94912,ZZ
95005,ZZ
93287,ZZ
94644,YY
93323,ZZ
94483,YY
95044,ZZ
95046,ZZ
94852,YY
43922,YY_Westat
93748,ZZ
95030,ZZ
44758,QQ_Signpost
95037,YY
92177,QQ
95069,ZZ
95055,ZZ
94704,YY2
91830,YY
94716,ZZ
94562,ZZ
95096,QQ
94815,ZZ
95011,YY
94025,ZZ
95123,ZZ
95111,YY
94959,ZZ
95188,QQ
95119,YY
95101,KK
95049,YY
92277,YY
95130,YY
93933,ZZ
94100,QQ_Advanced Disposal
94848,QQ
95146,QQ
58724,QQ
95199,ZZ
95151,YY
94709,ZZ
95154,ZZ
94720,ZZ
95071,QQ
94260,ZZ
95237,QQ
95244,QQ
94913,QQ
95310,QQ
91532,YY
95167,ZZ
95161,ZZ
95195,YY
95225,ZZ
94991,II
94826,YY
95282,QQ
94590,YY
95276,ZZ
95307,QQ
95121,SS
95312,QQ
94956,ZZ
95314,ZZ
94134,QQ
94892,ZZ
95336,QQ
95104,ZZ
95382,QQ
95328,ZZ
95316,YY
93819,LL
94984,ZZ
95397,QQ
95353,YY
95422,ZZ
94118,YY
95343,ZZ
95259,LL
A9997,DD
89783,QQ
94400,QQ_AOG
90484,QQ_Quintiles
94795,ZZ
95519,YY
95420,QQ
95187,YY
94833,YY
95435,YY
94995,YY
95430,YY
95460,QQ
81236,QQ_Quintiles
95477,YY
95476,YY
95472,QQ
36370,ZZ
95131,YY
72984,YY
76282,YY
95520,ZZ
95467,YY
93969,YY
93868,YY
95533,ZZ
95495,YY
95513,QQ
95641,YY
95487,ZZ
95251,YY
95260,ZZ
95474,ZZ
95568,ZZ
95208,YY
94049,YY
95511,QQ
95594,QQ
95589,QQ
95595,QQ
73041,QQ
95490,QQ
94245,QQ
69432,YY
32345,QQ
95554,QQ
95604,ZZ
95629,QQ
80718,ZZ
94217,LL_McKesson
95647,ZZ
95448,YY
95557,YY
95205,QQ
95246,ZZ
80617,QQ
95538,ZZ
95667,QQ
95668,QQ
59369,DD
59365,DD
59367,DD
60606,DD
60590,DD
60598,DD
60607,DD
60591,DD
60599,DD
60600,DD
60592,DD
60609,DD
60610,DD
60594,DD
60603,DD
61260,DD
60771,DD
60611,DD
60595,DD
60604,DD
60613,DD
60597,DD
60605,DD
61794,DD
61054,DD
61288,DD
61795,DD
61055,DD
61335,DD
61796,DD
61058,DD
61354,DD
61797,DD
61059,DD
61386,DD
61798,DD
61060,DD
61387,DD
61799,DD
61061,DD
61388,DD
61800,DD
61276,DD
61390,DD
61801,DD
61277,DD
61392,DD
61802,DD
61278,DD
61393,DD
61804,DD
61282,DD
61394,DD
61805,DD
61283,DD
61556,DD
61806,DD
61286,DD
61559,DD
61807,DD
61287,DD
61561,DD
A9070,T
62572,DD
48048,DD
48049,DD
48050,DD
48051,DD
48052,DD
48053,DD
48054,DD
48055,DD
48056,DD
48057,DD
48058,DD
48059,DD
48060,DD
48061,DD
48062,DD
48063,DD
48064,DD
48065,DD
48066,DD
48067,DD
48068,DD
48069,DD
48070,DD
48071,DD
48072,DD
48073,DD
48074,DD
A9078,DD
A9079,DD
A9080,DD
A9130,DD
A9131,DD
A9132,DD
A9133,DD
A9134,DD
A9135,DD
A9136,DD
A9137,DD
A9138,DD
A9139,DD
A9140,DD
A9141,DD
A9142,DD
A9143,DD
A9144,DD
A9145,DD
A9146,DD
A9147,DD
A9148,DD
A9149,DD
A9150,DD
A9151,DD
A9152,DD
A9153,DD
A9243,DD
A9244,DD
A9245,DD
A9246,DD
A9247,DD
A9248,DD
A9249,DD
A9250,DD
A9251,DD
A9252,DD
A9253,DD
A9254,DD
A9259,DD
A9260,DD
A9261,DD
A9262,DD
A9263,DD
A9264,DD
A9283,DD
A9284,DD
A9285,DD
A9286,DD
A9287,DD
A9277,DD
A9278,DD
A9279,DD
A9288,DD
A9280,DD
A9281,DD
A9282,DD
A9289,DD
A9290,DD
A9291,DD
A9292,DD
A9293,DD
A9294,DD
A9295,DD
A9296,DD
A9297,DD
A9298,DD
A9299,DD
A9300,DD
A9301,DD
A9302,DD
A9303,DD
A9304,DD
A9305,DD
A9306,DD
A9316,DD
A9317,DD
A9318,DD
A9321,ZZ
A9324,DD
A9325,DD
A9326,DD
A9333,DD
A9334,DD
A9335,DD
A9336,DD
A9337,DD
A9338,DD
